id,name,model_id:id,group_id:id,perm_read,perm_write,perm_create,perm_unlink
access_custom_jewelry_order,custom.jewelry.order,model_custom_jewelry_order,kothari_jewels.kjw,1,1,1,1
access_custom_jewelry_item_type,custom.jewelry.item.type,model_custom_jewelry_item_type,kothari_jewels.kjw,1,1,1,1
access_custom_jewelry_seal,custom.jewelry.seal,model_custom_jewelry_seal,kothari_jewels.kjw,1,1,1,1
access_custom_jewelry_order_portal,custom.jewelry.order.portal,model_custom_jewelry_order,base.group_portal,1,0,0,0
access_jewelry_size,jewelry.size,model_jewelry_size,kothari_jewels.kjw,1,1,1,1
access_jewelry_broadness,jewelry.broadness,model_jewelry_broadness,kothari_jewels.kjw,1,1,1,1
access_jewelry_melting,jewelry.melting,model_jewelry_melting,kothari_jewels.kjw,1,1,1,1
access_custom_jewelry_manufacturer,custom.jewelry.manufacturer,model_custom_jewelry_manufacturer,kothari_jewels.kjw,1,1,1,1
access_jewelry_order_visit,jewelry.order.visit,model_jewelry_order_visit,kothari_jewels.kjw,1,1,1,1
